<?xml version="1.0" encoding="utf-8"?>
<video id="v_ArmFlapping_22" keyword="My nephew flapping his arms">  
   <url>http://www.youtube.com/watch?v=UxpQpWzhOx0</url>  
   <height>288</height>
   <width>352</width>
   <frames>3651</frames>
   <persons>1</persons>  
   <duration>122s</duration>
   <conversation>yes</conversation>
   <behaviours count="5" id="b_Set_01">	
      <behaviour id="b_01">		
         <time>0002:0006</time>		
         <bodypart>hand</bodypart>		
         <category>armflapping</category>		
         <intensity>high</intensity>		
         <modality>video</modality>	
      </behaviour>
	  <behaviour id="b_02">		
         <time>0041:0055</time>		
         <bodypart>hand</bodypart>		
         <category>armflapping</category>		
         <intensity>high</intensity>		
         <modality>video</modality>	
      </behaviour>
	  <behaviour id="b_03">		
         <time>0100:0129</time>		
         <bodypart>hand</bodypart>		
         <category>armflapping</category>		
         <intensity>high</intensity>		
         <modality>video</modality>	
      </behaviour>
	  <behaviour id="b_04">		
         <time>0134:0142</time>		
         <bodypart>hand</bodypart>		
         <category>armflapping</category>		
         <intensity>high</intensity>		
         <modality>video</modality>	
      </behaviour>
	  <behaviour id="b_05">		
         <time>0150:0158</time>		
         <bodypart>hand</bodypart>		
         <category>armflapping</category>		
         <intensity>high</intensity>		
         <modality>video</modality>	
      </behaviour>
   </behaviours>
</video>