<?xml version="1.0" encoding="utf-8"?>
<video id="v_ArmFlapping_11" keyword="Awareness pt2  Signs of Autism">  
   <url>http://www.youtube.com/watch?v=WRGUUOZ5_wA</url>  
   <height>360</height>
   <width>640</width>
   <frames>3319</frames>
   <persons>2</persons>  
   <duration>138s</duration>
   <conversation>yes</conversation>
   <behaviours count="2" id="b_Set_01">	
      <behaviour id="b_01">		
         <time>0100:0107</time>		
         <bodypart>hand</bodypart>		
         <category>armflapping</category>		
         <intensity>high</intensity>		
         <modality>video</modality>	
      </behaviour>
      <behaviour id="b_02">		
         <time>0100:0107</time>		
         <bodypart>hand</bodypart>		
         <category>armflapping</category>		
         <intensity>high</intensity>		
         <modality>video</modality>	
      </behaviour>  
   </behaviours>
</video>