<?xml version="1.0" encoding="utf-8"?>
<video id="v_ArmFlapping_12" keyword="Evie autistic stimming">  
   <url>http://www.youtube.com/watch?v=mnBWOI4LuKw</url>  
   <height>360</height>
   <width>480</width>
   <frames>4912</frames>
   <persons>1</persons>  
   <duration>165s</duration>
   <conversation>yes</conversation>
   <behaviours count="3" id="b_Set_01">	
      <behaviour id="b_01">		
         <time>0003:0030</time>		
         <bodypart>hand</bodypart>		
         <category>armflapping</category>		
         <intensity>low</intensity>		
         <modality>video</modality>	
      </behaviour>
	  <behaviour id="b_02">		
         <time>0114:0210</time>		
         <bodypart>hand</bodypart>		
         <category>armflapping</category>		
         <intensity>low</intensity>		
         <modality>video</modality>	
      </behaviour>
      <behaviour id="b_03">		
         <time>0214:0235</time>		
         <bodypart>hand</bodypart>		
         <category>armflapping</category>		
         <intensity>high</intensity>		
         <modality>video</modality>	
      </behaviour>  
   </behaviours>
</video>