<?xml version="1.0" encoding="utf-8"?>
<video id="v_ArmFlapping_17" keyword="J arm flapping">  
   <url>http://www.youtube.com/watch?v=vtVnrV_jog0</url>
   <height>360</height>
   <width>640</width>
   <frames>1091</frames>
   <persons>1</persons>  
   <duration>46s</duration>
   <conversation>yes</conversation>
   <behaviours count="3" id="b_Set_01">	
      <behaviour id="b_01">		
         <time>0002:0014</time>		
         <bodypart>hand</bodypart>		
         <category>armflapping</category>		
         <intensity>high</intensity>		
         <modality>video</modality>	
      </behaviour>
	  <behaviour id="b_02">		
         <time>0019:0023</time>		
         <bodypart>hand</bodypart>		
         <category>armflapping</category>		
         <intensity>high</intensity>		
         <modality>video</modality>	
      </behaviour>
	  <behaviour id="b_03">		
         <time>0036:0039</time>		
         <bodypart>hand</bodypart>		
         <category>armflapping</category>		
         <intensity>high</intensity>		
         <modality>video</modality>	
      </behaviour>
   </behaviours>
</video>