<?xml version="1.0" encoding="utf-8"?>
<video id="v_ArmFlapping_10" keyword="Autism  Asperger Flapping ArmsHands II">  
   <url>http://www.youtube.com/watch?v=iDuAugAykcc</url>  
   <height>240</height>
   <width>320</width>
   <frames>3216</frames>
   <persons>2</persons>  
   <duration>134s</duration>
   <conversation>yes</conversation>
   <behaviours count="4" id="b_Set_01">	
      <behaviour id="b_01">		
         <time>0018:0027</time>		
         <bodypart>hand</bodypart>		
         <category>armflapping</category>		
         <intensity>high</intensity>		
         <modality>video</modality>	
      </behaviour>
	  <behaviour id="b_02">		
         <time>0033:0037</time>		
         <bodypart>hand</bodypart>		
         <category>armflapping</category>		
         <intensity>high</intensity>		
         <modality>video</modality>	
      </behaviour>
	  <behaviour id="b_03">		
         <time>0050:0057</time>		
         <bodypart>hand</bodypart>		
         <category>armflapping</category>		
         <intensity>high</intensity>		
         <modality>video</modality>	
      </behaviour>
      <behaviour id="b_04">		
         <time>0108:0125</time>		
         <bodypart>hand</bodypart>		
         <category>armflapping</category>		
         <intensity>high</intensity>		
         <modality>video</modality>	
      </behaviour>  
   </behaviours>
</video>