<?xml version="1.0" encoding="utf-8"?>
<video id="v_ArmFlapping_07" keyword="Arm flapping in the cast">  
   <url>http://www.youtube.com/watch?v=T9rbit_oiJA</url>  
   <height>360</height>
   <width>640</width>
   <frames>1388</frames>
   <persons>2</persons>  
   <duration>46s</duration>
   <conversation>yes</conversation>
   <behaviours count="2" id="b_Set_01">	
      <behaviour id="b_01">		
         <time>0004:0010</time>		
         <bodypart>hand</bodypart>		
         <category>armflapping</category>		
         <intensity>high</intensity>		
         <modality>video</modality>	
      </behaviour>
	  <behaviour id="b_02">		
         <time>0015:0020</time>		
         <bodypart>hand</bodypart>		
         <category>armflapping</category>		
         <intensity>high</intensity>		
         <modality>video</modality>	
      </behaviour>
   </behaviours>   
</video>