<?xml version="1.0" encoding="utf-8"?>
<video id="v_ArmFlapping_01" keyword="10_yr_severe_autistic">
   <url>http://www.youtube.com/watch?v=I7fdv1q9-m8</url>
   <height>360</height>
   <width>480</width>
   <frames>1365</frames>
   <persons>1</persons>
   <duration>46s</duration>
   <conversation>yes</conversation>
   <behaviours count="2" id="b_Set_01">
   	  <behaviour id="b_01">		
         <time>18:24</time>		
         <bodypart>hand</bodypart>		
         <category>armflapping</category>		
         <intensity>high</intensity>		
         <modality>video</modality>	
      </behaviour>
	  <behaviour id="b_02">		
         <time>27:32</time>		
         <bodypart>full</bodypart>		
         <category>headbanging</category>		
         <intensity>high</intensity>		
         <modality>video</modality>	
      </behaviour>
   </behaviours>
</video>