<?xml version="1.0" encoding="utf-8"?>
<video id="v_ArmFlapping_18" keyword="Jack - building lego bridge with arm flapping - September 8, 2009">  
   <url>http://www.youtube.com/watch?v=JM8BHjJTSFM</url>
   <height>360</height>
   <width>480</width>
   <frames>2652</frames>
   <persons>1</persons>  
   <duration>89s</duration>
   <conversation>yes</conversation>
   <behaviours count="2" id="b_Set_01">	
      <behaviour id="b_01">		
         <time>0003:0007</time>		
         <bodypart>hand</bodypart>		
         <category>armflapping</category>		
         <intensity>high</intensity>		
         <modality>video</modality>	
      </behaviour>
	  <behaviour id="b_02">		
         <time>0040:0050</time>		
         <bodypart>hand</bodypart>		
         <category>armflapping</category>		
         <intensity>high</intensity>		
         <modality>video</modality>	
      </behaviour>
   </behaviours>   
</video>