<?xml version="1.0" encoding="utf-8"?>
<video id="v_ArmFlapping_08" keyword="Autism   Aspergers Flapping Arms Hands">  
   <url>http://www.youtube.com/watch?v=5Ps9iE8mPqY</url>  
   <height>240</height>
   <width>320</width>
   <frames>6084</frames>
   <persons>2</persons>  
   <duration>253s</duration>
   <conversation>yes</conversation>
   <behaviours count="7" id="b_Set_01">	
      <behaviour id="b_01">		
         <time>0018:0021</time>		
         <bodypart>hand</bodypart>		
         <category>armflapping</category>		
         <intensity>high</intensity>		
         <modality>video</modality>	
      </behaviour>
	  <behaviour id="b_02">		
         <time>0047:0051</time>		
         <bodypart>hand</bodypart>		
         <category>armflapping</category>		
         <intensity>high</intensity>		
         <modality>video</modality>	
      </behaviour>
	  <behaviour id="b_03">		
         <time>0110:0117</time>		
         <bodypart>hand</bodypart>		
         <category>armflapping</category>		
         <intensity>high</intensity>		
         <modality>video</modality>	
      </behaviour>
	  <behaviour id="b_04">		
         <time>0130:0148</time>		
         <bodypart>hand</bodypart>		
         <category>armflapping</category>		
         <intensity>high</intensity>		
         <modality>video</modality>	
      </behaviour>
	  <behaviour id="b_05">		
         <time>0202:0214</time>		
         <bodypart>hand</bodypart>		
         <category>armflapping</category>		
         <intensity>high</intensity>		
         <modality>video</modality>	
      </behaviour>
	  <behaviour id="b_06">		
         <time>0315:0320</time>		
         <bodypart>hand</bodypart>		
         <category>armflapping</category>		
         <intensity>high</intensity>		
         <modality>video</modality>	
      </behaviour>
	  <behaviour id="b_07">		
         <time>0338:0343</time>		
         <bodypart>hand</bodypart>		
         <category>armflapping</category>		
         <intensity>high</intensity>		
         <modality>video</modality>	
      </behaviour>
   </behaviours>
</video>