<?xml version="1.0" encoding="utf-8"?>
<video id="v_ArmFlapping_15" keyword="Happy Baby Sawyer! ARM Flapping Excitement to see Ah Dah Da">  
   <url>http://www.youtube.com/watch?v=nGoMpqcYcOg</url>  
   <height>360</height>
   <width>640</width>
   <frames>1147</frames>
   <persons>1</persons>  
   <duration>39s</duration>
   <conversation>yes</conversation>
   <behaviours count="2" id="b_Set_01">	
      <behaviour id="b_01">		
         <time>0017:0023</time>		
         <bodypart>hand</bodypart>		
         <category>armflapping</category>		
         <intensity>high</intensity>		
         <modality>video</modality>	
      </behaviour>
	  <behaviour id="b_02">		
         <time>0032:0037</time>		
         <bodypart>hand</bodypart>		
         <category>armflapping</category>		
         <intensity>high</intensity>		
         <modality>video</modality>	
      </behaviour>
   </behaviours>
</video>