<?xml version="1.0" encoding="utf-8"?>
<video id="v_ArmFlapping_14" keyword="Hand Stimming/Flapping">  
   <url>http://www.youtube.com/watch?v=pz1nIbRWb2M</url>
   <height>240</height>
   <width>320</width>
   <frames>1403</frames>   
   <persons>4</persons>  
   <duration>57s</duration>
   <conversation>yes</conversation>
   <behaviours count="1" id="b_Set_01">	
      <behaviour id="b_01">		
         <time>0003:0007</time>		
         <bodypart>hand</bodypart>		
         <category>armflapping</category>		
         <intensity>high</intensity>		
         <modality>video</modality>	
      </behaviour>  
   </behaviours>
</video>