<?xml version="1.0" encoding="utf-8"?>
<video id="v_ArmFlapping_20" keyword="Kathryn shows us the arm flap">  
   <url>http://www.youtube.com/watch?v=MOt-6FAEP_g</url>  
   <height>240</height>
   <width>320</width>
   <frames>3321</frames>
   <persons>1</persons>  
   <duration>110s</duration>
   <conversation>yes</conversation>
   <behaviours count="1" id="b_Set_01">	
      <behaviour id="b_01">		
         <time>0134:0138</time>		
         <bodypart>hand</bodypart>		
         <category>armflapping</category>		
         <intensity>high</intensity>		
         <modality>video</modality>	
      </behaviour>  
   </behaviours>
</video>