<?xml version="1.0" encoding="utf-8"?>
<video id="v_ArmFlapping_25" keyword="Toddler arm flapping">  
   <url>http://www.youtube.com/watch?v=I2rfPPinMHk</url>
   <height>360</height>
   <width>640</width>
   <frames>704</frames>
   <persons>1</persons>  
   <duration>23s</duration>
   <conversation>yes</conversation>
   <behaviours count="1" id="b_Set_01">	
      <behaviour id="b_01">		
         <time>0004:0008</time>		
         <bodypart>hand</bodypart>		
         <category>armflapping</category>		
         <intensity>high</intensity>		
         <modality>video</modality>	
      </behaviour>  
   </behaviours>
</video>