<?xml version="1.0" encoding="utf-8"?>
<video id="v_ArmFlapping_13" keyword="Flapping his arms ">  
   <url>http://www.youtube.com/watch?v=3Oh_Lmehb6c</url>  
   <height>360</height>
   <width>640</width>
   <frames>2586</frames>
   <persons>1</persons>  
   <duration>86s</duration>
   <conversation>yes</conversation>
   <behaviours count="2" id="b_Set_01">	
      <behaviour id="b_01">		
         <time>0019:0022</time>		
         <bodypart>hand</bodypart>		
         <category>armflapping</category>		
         <intensity>high</intensity>		
         <modality>video</modality>	
      </behaviour>
	  <behaviour id="b_02">		
         <time>0040:0051</time>		
         <bodypart>hand</bodypart>		
         <category>armflapping</category>		
         <intensity>low</intensity>		
         <modality>video</modality>	
      </behaviour>        
   </behaviours>
  </video>