<?xml version="1.0" encoding="utf-8"?>
<video id="v_ArmFlapping_21" keyword="Madelyn hand flapping">  
   <url>http://www.youtube.com/watch?v=AQ-jO6O5gow</url>  
   <height>360</height>
   <width>480</width>
   <frames>672</frames>
   <persons>8</persons>  
   <duration>23s</duration>
   <conversation>yes</conversation>
   <behaviours count="1" id="b_Set_01">	
      <behaviour id="b_01">		
         <time>0007:0016</time>		
         <bodypart>hand</bodypart>		
         <category>armflapping</category>		
         <intensity>high</intensity>		
         <modality>video</modality>	
      </behaviour>  
   </behaviours>
</video>