<?xml version="1.0" encoding="utf-8"?>
<video id="v_HeadBanging_09" keyword="Baby Head-Banging">  
   <url>http://www.youtube.com/watch?v=WcsZ9eMQ5Zs</url>
   <height>240</height>
   <width>320</width>
   <frames>208</frames>
   <persons>1</persons>  
   <duration>14s</duration>
   <conversation>no</conversation>
   <behaviours count="1" id="b_Set_01">	
      <behaviour id="b_01">		
         <time>0002:0010</time>		
         <bodypart>head</bodypart>		
         <category>headbanging</category>		
         <intensity>low</intensity>		
         <modality>video</modality>	
      </behaviour>  
   </behaviours>
</video>