<?xml version="1.0" encoding="utf-8"?>
<video id="v_HeadBanging_22" keyword="Pre school head banging">  
   <url>http://www.youtube.com/watch?v=6sR-8llWl_s</url>
   <height>360</height>
   <width>216</width>
   <frames>1769</frames>
   <persons>1</persons>  
   <duration>53s</duration>
   <conversation>no</conversation>
   <behaviours count="1" id="b_Set_01">	
      <behaviour id="b_01">		
         <time>0009:0026</time>		
         <bodypart>head</bodypart>		
         <category>headbanging</category>		
         <intensity>high</intensity>		
         <modality>video</modality>	
      </behaviour>  
   </behaviours>
</video>