<?xml version="1.0" encoding="utf-8"?>
<video id="v_HeadBanging_10" keyword="Continuation of Baby Ayaan's head banging">  
   <url>http://www.youtube.com/watch?v=aNaC46cUOJo</url>  
   <height>240</height>
   <width>320</width>
   <frames>1372</frames>
   <persons>1</persons>  
   <duration>46s</duration>
   <conversation>yes</conversation>
   <behaviours count="1" id="b_Set_01">	
      <behaviour id="b_01">		
         <time>0016:0022</time>		
         <bodypart>head</bodypart>		
         <category>headbanging</category>		
         <intensity>high</intensity>		
         <modality>video</modality>	
      </behaviour>  
   </behaviours>
</video>