<?xml version="1.0" encoding="utf-8"?>
<video id="v_HeadBanging_24" keyword="Sofia head banging">  
   <url>http://www.youtube.com/watch?v=hX3sIO2wc1s</url>
   <height>360</height>
   <width>270</width>
   <frames>458</frames>
   <persons>1</persons>  
   <duration>16s</duration>
   <conversation>yes</conversation>
   <behaviours count="1" id="b_Set_01">	
      <behaviour id="b_01">		
         <time>0003:0010</time>		
         <bodypart>head</bodypart>		
         <category>headbanging</category>		
         <intensity>low</intensity>		
         <modality>video</modality>	
      </behaviour>  
   </behaviours>
</video>