<?xml version="1.0" encoding="utf-8"?>
<video id="v_HeadBanging_01" keyword="1 year old boy head banging">  
   <url>http://www.youtube.com/watch?v=yCaymsrcNwA</url>
   <height>144</height>
   <width>192</width>
   <frames>920</frames>
   <persons>2</persons>  
   <duration>31s</duration>
   <conversation>yes</conversation>
   <behaviours count="1" id="b_Set_01">	
      <behaviour id="b_01">		
         <time>0001:0004</time>		
         <bodypart>head</bodypart>		
         <category>headbanging</category>		
         <intensity>high</intensity>		
         <modality>video</modality>	
      </behaviour>  
   </behaviours>
</video>