<?xml version="1.0" encoding="utf-8"?>
<video id="v_HeadBanging_14" keyword="Hayden's head banging">  
   <url>http://www.youtube.com/watch?v=0Vk9itex_ds</url>
   <height>360</height>
   <width>204</width>
   <frames>980</frames>
   <persons>3</persons>  
   <duration>33s</duration>  
   <conversation>yes</conversation>
   <behaviours count="1" id="b_Set_01">	
      <behaviour id="b_01">		
         <time>0004:0030</time>		
         <bodypart>head</bodypart>		
         <category>headbanging</category>		
         <intensity>high</intensity>		
         <modality>video</modality>	
      </behaviour>  
   </behaviours>   
</video>