<?xml version="1.0" encoding="utf-8"?>
<video id="v_HeadBanging_12" keyword="Excessive head banging and tantrum">  
   <url>http://www.youtube.com/watch?v=5WTHMIJ_61I</url>
   <height>360</height>
   <width>204</width>
   <frames>2157</frames>
   <persons>2</persons>  
   <duration>72s</duration>
   <conversation>yes</conversation>
   <behaviours count="1" id="b_Set_01">	
      <behaviour id="b_01">		
         <time>0002:0012</time>		
         <bodypart>head</bodypart>		
         <category>headbanging</category>		
         <intensity>low</intensity>		
         <modality>video</modality>	
      </behaviour>  
   </behaviours>  
</video>