<?xml version="1.0" encoding="utf-8"?>
<video id="v_HeadBanging_05" keyword="11 month old head banging">  
   <url>http://www.youtube.com/watch?v=Lex0gIMd73g</url>
   <height>360</height>
   <width>204</width>
   <frames>582</frames>
   <persons>1</persons>  
   <duration>20s</duration>
   <conversation>no</conversation>
   <behaviours count="1" id="b_Set_01">	
      <behaviour id="b_01">		
         <time>0003:0017</time>		
         <bodypart>head</bodypart>		
         <category>headbanging</category>		
         <intensity>high</intensity>		
         <modality>video</modality>	
      </behaviour>  
   </behaviours>
</video>