<?xml version="1.0" encoding="utf-8"?>
<video id="v_HeadBanging_04" keyword="10 month old baby head banging">  
   <url>http://www.youtube.com/watch?v=pzPhXbGEpSo</url>
   <height>360</height>
   <width>480</width>
   <frames>1588</frames>
   <persons>3</persons>  
   <duration>54s</duration>
   <conversation>no</conversation>
   <behaviours count="2" id="b_Set_01">	
      <behaviour id="b_01">		
         <time>0016:0030</time>		
         <bodypart>head</bodypart>		
         <category>headbanging</category>		
         <intensity>high</intensity>		
         <modality>video</modality>	
      </behaviour>
	  <behaviour id="b_02">		
         <time>0034:0039</time>		
         <bodypart>head</bodypart>		
         <category>headbanging</category>		
         <intensity>high</intensity>		
         <modality>video</modality>	
      </behaviour>
   </behaviours>
</video>