<?xml version="1.0" encoding="utf-8"?>
<video id="v_HeadBanging_03" keyword="6 month old headbanging sad but true">  
   <url>http://www.youtube.com/watch?v=k9MJ4pDQQ74</url>
   <height>144</height>
   <width>192</width>
   <frames>457</frames>
   <persons>1</persons>  
   <duration>15s</duration>
   <conversation>no</conversation>
   <behaviours count="1" id="b_Set_01">	
      <behaviour id="b_01">		
         <time>0006:0014</time>		
         <bodypart>head</bodypart>		
         <category>headbanging</category>		
         <intensity>high</intensity>		
         <modality>video</modality>	
      </behaviour>  
   </behaviours>
</video>