<?xml version="1.0" encoding="utf-8"?>
<video id="v_HeadBanging_08" keyword="Autism_Giggles_squeals_head_spinning_and_banging">  
   <url>http://www.youtube.com/watch?v=Pqd9Vu-juPI</url>
   <height>240</height>
   <width>320</width>
   <frames>6695</frames>
   <persons>1</persons>  
   <duration>161s</duration>
   <conversation>yes</conversation>
   <behaviours count="1" id="b_Set_01">	
      <behaviour id="b_01">		
         <time>0125:0135</time>		
         <bodypart>head</bodypart>		
         <category>headbanging</category>		
         <intensity>high</intensity>		
         <modality>video</modality>	
      </behaviour>  
   </behaviours>   
</video>