<?xml version="1.0" encoding="utf-8"?>
<video id="v_HeadBanging_25" keyword="Twin toddlers headbanging on the couch">  
   <url>http://www.youtube.com/watch?v=zuoD4tEtYyk</url>
   <height>288</height>
   <width>352</width>
   <frames>321</frames>
   <persons>2</persons>  
   <duration>22s</duration>
   <conversation>no</conversation>
   <behaviours count="1" id="b_Set_01">	
      <behaviour id="b_01">		
         <time>0001:0020</time>		
         <bodypart>head</bodypart>		
         <category>headbanging</category>		
         <intensity>high</intensity>		
         <modality>video</modality>	
      </behaviour>  
   </behaviours>
</video>