<?xml version="1.0" encoding="utf-8"?>
<video id="v_HeadBanging_21" keyword="Our Crazy Baby Roman Headbanging">  
   <url>http://www.youtube.com/watch?v=BUAFdqrw4fA</url>
   <height>144</height>
   <width>256</width>
   <frames>1337</frames>
   <persons>1</persons>  
   <duration>90s</duration>
   <conversation>yes</conversation>
   <behaviours count="3" id="b_Set_01">	
      <behaviour id="b_01">		
         <time>0008:0018</time>		
         <bodypart>head</bodypart>		
         <category>headbanging</category>		
         <intensity>low</intensity>		
         <modality>video</modality>	
      </behaviour>
      <behaviour id="b_02">		
         <time>0020:0044</time>		
         <bodypart>head</bodypart>		
         <category>headbanging</category>		
         <intensity>low</intensity>		
         <modality>video</modality>	
      </behaviour>
	  <behaviour id="b_03">		
         <time>0054:0123</time>		
         <bodypart>head</bodypart>		
         <category>headbanging</category>		
         <intensity>low</intensity>		
         <modality>video</modality>	
      </behaviour>
   </behaviours>
</video>