<?xml version="1.0" encoding="utf-8"?>
<video id="v_HeadBanging_15" keyword="Head banging">  
   <url>http://www.youtube.com/watch?v=9zOrUA7Kn4o</url>
   <height>240</height>
   <width>320</width>
   <frames>1460</frames>
   <persons>1</persons>  
   <duration>53s</duration>
   <conversation>yes</conversation>
   <behaviours count="1" id="b_Set_01">	
      <behaviour id="b_01">		
         <time>0001:0023</time>		
         <bodypart>head</bodypart>		
         <category>headbanging</category>		
         <intensity>high</intensity>		
         <modality>video</modality>	
      </behaviour>  
   </behaviours>   
</video>