<?xml version="1.0" encoding="utf-8"?>
<video id="v_HeadBanging_18" keyword="Headbanging">  
   <url>http://www.youtube.com/watch?v=TVMWW9SejgI</url>
   <height>240</height>
   <width>320</width>
   <frames>1012</frames>
   <persons>1</persons>  
   <duration>26s</duration>
   <conversation>yes</conversation>
   <behaviours count="1" id="b_Set_01">	
      <behaviour id="b_01">		
         <time>0001:0015</time>		
         <bodypart>head</bodypart>		
         <category>headbanging</category>		
         <intensity>high</intensity>		
         <modality>video</modality>	
      </behaviour>  
   </behaviours>
</video>