<?xml version="1.0" encoding="utf-8"?>
<video id="v_HeadBanging_13" keyword="Hardcore Violent Headbanging">  
   <url>http://www.youtube.com/watch?v=B9hYEIjsHDA</url>
   <height>360</height>
   <width>640</width>
   <frames>703</frames>   
   <persons>3</persons>  
   <duration>30s</duration>  
   <conversation>yes</conversation>
   <behaviours count="1" id="b_Set_01">	
      <behaviour id="b_01">		
         <time>0002:0020</time>		
         <bodypart>head</bodypart>		
         <category>headbanging</category>		
         <intensity>high</intensity>		
         <modality>video</modality>	
      </behaviour>  
   </behaviours>
</video>