<?xml version="1.0" encoding="utf-8"?>
<video id="v_HeadBanging_17" keyword="Head Banging 101">  
   <url>http://www.youtube.com/watch?v=8SrUO-NdSZU</url>
   <height>360</height>
   <width>480</width>
   <frames>3250</frames>
   <persons>1</persons>  
   <duration>109s</duration>  
   <conversation>yes</conversation>
   <behaviours count="1" id="b_Set_01">	
      <behaviour id="b_01">		
         <time>0002:0058</time>		
         <bodypart>head</bodypart>		
         <category>headbanging</category>		
         <intensity>high</intensity>		
         <modality>video</modality>	
      </behaviour>  
   </behaviours>  
</video>