<?xml version="1.0" encoding="utf-8"?>
<video id="v_HeadBanging_16" keyword="Head banging">  
   <url>http://www.youtube.com/watch?v=Lw-MsQ2k6ZQ</url>
   <height>360</height>
   <width>204</width>
   <frames>1819</frames>
   <persons>1</persons>  
   <duration>61s</duration>  
   <conversation>yes</conversation>
   <behaviours count="1" id="b_Set_01">	
      <behaviour id="b_01">		
         <time>0010:0017</time>		
         <bodypart>head</bodypart>		
         <category>headbanging</category>		
         <intensity>low</intensity>		
         <modality>video</modality>	
      </behaviour>  
   </behaviours>   
</video>