<?xml version="1.0" encoding="utf-8"?>
<video id="v_HeadBanging_20" keyword="Molly - Head Banging">  
   <url>http://www.youtube.com/watch?v=yMgx2lVjf5I</url>
   <height>360</height>
   <width>480</width>
   <frames>1726</frames>
   <persons>1</persons>  
   <duration>58s</duration>
   <conversation>no</conversation>
   <behaviours count="3" id="b_Set_01">	
      <behaviour id="b_01">		
         <time>0001:0007</time>		
         <bodypart>head</bodypart>		
         <category>headbanging</category>		
         <intensity>high</intensity>		
         <modality>video</modality>	
      </behaviour>  
	  <behaviour id="b_02">		
         <time>0018:0025</time>		
         <bodypart>head</bodypart>		
         <category>headbanging</category>		
         <intensity>high</intensity>		
         <modality>video</modality>	
      </behaviour>
	  <behaviour id="b_03">		
         <time>0036:0050</time>		
         <bodypart>head</bodypart>		
         <category>headbanging</category>		
         <intensity>high</intensity>		
         <modality>video</modality>	
      </behaviour>
   </behaviours>
</video>