<?xml version="1.0" encoding="utf-8"?>
<video id="v_Spinning_03" keyword="Autism Giggles squeals head spinning and banging">   
   <url>http://www.youtube.com/watch?v=Pqd9Vu-juPI</url>
   <height>240</height>   
   <width>320</width>   
   <frames>6695</frames>
   <persons>1</persons>   
   <duration>161s</duration>
   <conversation>no</conversation>
   <behaviours count="1" id="b_Set_01">     
      <behaviour id="b_01">         
         <time>0010:0015</time>         
         <bodypart>head</bodypart>         
         <category>spinning</category>         
         <intensity>high</intensity>         
         <modality>video</modality>     
      </behaviour>   
   </behaviours>   
</video>