<?xml version="1.0" encoding="utf-8"?>
<video id="v_Spinning_25" keyword="Spinning autism sign?">  
   <url>http://www.youtube.com/watch?v=VxK45NHvHTg</url>
   <height>240</height>
   <width>320</width>
   <frames>2033</frames>
   <persons>2</persons>  
   <duration>68s</duration>
   <conversation>yes</conversation>
   <behaviours count="1" id="b_Set_01">	
      <behaviour id="b_01">		
         <time>0025:0028</time>		
         <bodypart>body</bodypart>		
         <category>spinning</category>		
         <intensity>high</intensity>		
         <modality>video</modality>	
      </behaviour>  
   </behaviours>   
</video>