<?xml version="1.0" encoding="utf-8"?>
<video id="v_Spinning_14" keyword="Diagnosed Autism Spinning And flapping, flapping And more spinning">  
   <url>http://www.youtube.com/watch?v=pgj_LKf6jL4</url>
   <height>360</height>
   <width>480</width>
   <frames>2327</frames>
   <persons>1</persons>  
   <duration>78s</duration>
   <conversation>yes</conversation>
   <behaviours count="1" id="b_Set_01">	
      <behaviour id="b_01">		
         <time>0051-0058</time>		
         <bodypart>body</bodypart>		
         <category>spinning</category>		
         <intensity>high</intensity>		
         <modality>video</modality>	
      </behaviour>  
   </behaviours>
</video>