<?xml version="1.0" encoding="utf-8"?>
<video id="v_Spinning_04" keyword="Autism Spinning">   
   <url>http://www.youtube.com/watch?v=Gt-WMpTP7IE</url>
   <height>360</height>  
   <width>640</width>   
   <frames>2051</frames>
   <persons>1</persons>   
   <duration>86s</duration>
   <conversation>yes</conversation>
   <behaviours count="1" id="b_Set_01">      
      <behaviour id="b_01">         
         <time>0001:0110</time>         
         <bodypart>body</bodypart>        
         <category>spinning</category>         
         <intensity>high</intensity>         
         <modality>video</modality>     
      </behaviour>   
   </behaviours>   
</video>