<?xml version="1.0" encoding="utf-8"?>
<video id="v_Spinning_09" keyword="Autistic (Aspergers) 8 year old over stimulated - Stimming">   
   <url>http://www.youtube.com/watch?v=oukupxRUA84</url>
   <height>320</height>  
   <width>568</width>   
   <frames>2066</frames>
   <persons>1</persons>   
   <duration>69s</duration>
   <conversation>yes</conversation>
   <behaviours count="3" id="b_Set_01">      
      <behaviour id="b_01">         
         <time>0004-0012</time>         
         <bodypart>body</bodypart>         
         <category>spinning</category>         
         <intensity>high</intensity>         
         <modality>video</modality>      
      </behaviour>
	  <behaviour id="b_02">         
         <time>0028-0047</time>         
         <bodypart>body</bodypart>         
         <category>spinning</category>         
         <intensity>high</intensity>         
         <modality>video</modality>      
      </behaviour>
	  <behaviour id="b_03">         
         <time>0058-0104</time>         
         <bodypart>body</bodypart>         
         <category>spinning</category>         
         <intensity>high</intensity>         
         <modality>video</modality>      
      </behaviour>
   </behaviours>
</video>