<?xml version="1.0" encoding="utf-8"?>
<video id="v_Spinning_17" keyword="Girl with Autism spinning">  
   <url>http://www.youtube.com/watch?v=wu5fgT-LkHs</url>
   <height>360</height>
   <width>640</width>
   <frames>3600</frames>
   <persons>2</persons>  
   <duration>121s</duration>  
   <conversation>yes</conversation>
   <behaviours count="2" id="b_Set_01">	
      <behaviour id="b_01">		
         <time>0002:0020</time>		
         <bodypart>body</bodypart>		
         <category>spinning</category>		
         <intensity>low</intensity>		
         <modality>video</modality>	
      </behaviour>
	  <behaviour id="b_02">		
         <time>0030:0103</time>		
         <bodypart>body</bodypart>		
         <category>spinning</category>		
         <intensity>low</intensity>		
         <modality>video</modality>	
      </behaviour>
   </behaviours>
</video>