<?xml version="1.0" encoding="utf-8"?>
<video id="v_Spinning_19" keyword="Jumping and spinning">  
   <url>http://www.youtube.com/watch?v=AXghcX_Bjac</url>
   <height>360</height>
   <width>480</width>
   <frames>3956</frames>
   <persons>2</persons>  
   <duration>133s</duration>
   <conversation>yes</conversation>
   <behaviours count="1" id="b_Set_01">	
      <behaviour id="b_01">		
         <time>0056:0103</time>		
         <bodypart>body</bodypart>		
         <category>spinning</category>		
         <intensity>low</intensity>		
         <modality>video</modality>	
      </behaviour>  
   </behaviours>
</video>