<?xml version="1.0" encoding="utf-8"?>
<video id="v_Spinning_02" keyword="Autism - Ayden Spinning">   
   <url>http://www.youtube.com/watch?v=sAgAvYT3D8s</url>
   <height>360</height>   
   <width>480</width>   
   <frames>2854</frames> 
   <persons>1</persons>   
   <duration>96s</duration>
   <conversation>yes</conversation>
   <behaviours count="1" id="b_Set_01">     
      <behaviour id="b_01">         
         <time>0010:0020</time>        
         <bodypart>body</bodypart>         
         <category>spinning</category>        
         <intensity>low</intensity>         
         <modality>video</modality>      
      </behaviour>   
   </behaviours>   
</video>