<?xml version="1.0" encoding="utf-8"?>
<video id="v_Spinning_22" keyword="More spinning from vaccum  Hunter Autism ~ stimming">  
   <url>http://www.youtube.com/watch?v=8R1MfXoI3mo</url>
   <height>360</height>
   <width>480</width>
   <frames>2008</frames>
   <persons>1</persons>  
   <duration>81s</duration>  
   <conversation>yes</conversation>
   <behaviours count="2" id="b_Set_01">	
      <behaviour id="b_01">		
         <time>0002:0007</time>		
         <bodypart>body</bodypart>		
         <category>spinning</category>		
         <intensity>low</intensity>		
         <modality>video</modality>	
      </behaviour>
	  <behaviour id="b_02">		
         <time>0015:0120</time>		
         <bodypart>body</bodypart>		
         <category>spinning</category>		
         <intensity>low</intensity>		
         <modality>video</modality>	
      </behaviour>
   </behaviours>
</video>