<?xml version="1.0" encoding="utf-8"?>
<video id="v_Spinning_12" keyword="Boy with Autism Spinning">  
   <url>http://www.youtube.com/watch?v=ZHJr17Q4384</url>
   <height>360</height>  
   <width>204</width>   
   <frames>3424</frames>   
   <persons>1</persons>   
   <duration>115s</duration>
   <conversation>no</conversation>
   <behaviours count="1" id="b_Set_01">      
      <behaviour id="b_01">         
         <time>0002-0150</time>         
         <bodypart>body</bodypart>         
         <category>spinning</category>         
         <intensity>high</intensity>         
         <modality>video</modality>      
      </behaviour>   
   </behaviours>
</video>