<?xml version="1.0" encoding="utf-8"?>
<video id="v_Spinning_08" keyword="Autism-Spinning">   
   <url>http://www.youtube.com/watch?v=5MS6VZwZDi0</url>
   <height>240</height>   
   <width>320</width>   
   <frames>808</frames>
   <persons>1</persons>   
   <duration>81s</duration>   
   <conversation>no</conversation>
   <behaviours count="1" id="b_Set_01">     
      <behaviour id="b_01">         
         <time>0002-0059</time>         
         <bodypart>body</bodypart>         
         <category>spinning</category>         
         <intensity>high</intensity>         
         <modality>video</modality>      
      </behaviour>   
   </behaviours>  
</video>