<?xml version="1.0" encoding="utf-8"?>
<video id="v_Spinning_01" keyword="autism   pdd nos symptoms Spinning">   
   <url>http://www.youtube.com/watch?v=uNpUNkjNreg</url>
   <height>240</height>   
   <width>320</width>   
   <frames>4447</frames>
   <persons>1</persons>   
   <duration>149s</duration>
   <conversation>no</conversation>
   <behaviours count="1" id="b_Set_01">     
      <behaviour id="b_01">         
         <time>0108:0123</time>         
         <bodypart>body</bodypart>         
         <category>spinning</category>        
         <intensity>high</intensity>        
         <modality>video</modality>      
      </behaviour>   
   </behaviours> 
</video>