<?xml version="1.0" encoding="utf-8"?>
<video id="v_Spinning_05" keyword="Autism Spinning">   
   <url>http://www.youtube.com/watch?v=arn5UCMLlBo</url>
   <height>240</height>   
   <width>320</width>   
   <frames>191</frames>
   <persons>2</persons>   
   <duration>19s</duration>
   <conversation>yes</conversation>
   <behaviours count="1" id="b_Set_01">      
      <behaviour id="b_01">         
         <time>0002:0015</time>         
         <bodypart>body</bodypart>         
         <category>spinning</category>         
         <intensity>high</intensity>         
         <modality>video</modality>      
      </behaviour>   
   </behaviours>  
</video>