<?xml version="1.0" encoding="utf-8"?>
<video id="v_Spinning_20" keyword="Kierra showing her classic autism symptoms">  
   <url>http://www.youtube.com/watch?v=TH5mlAhdw00</url>
   <height>240</height>
   <width>320</width>
   <frames>1572</frames>
   <persons>1</persons>  
   <duration>79s</duration>  
   <conversation>yes</conversation>
   <behaviours count="1" id="b_Set_01">	
      <behaviour id="b_01">		
         <time>0002:0009</time>		
         <bodypart>body</bodypart>		
         <category>spinning</category>		
         <intensity>high</intensity>		
         <modality>video</modality>	
      </behaviour>  
   </behaviours>
</video>