<?xml version="1.0" encoding="utf-8"?>
<video id="v_Spinning_06" keyword="autism spinning fun">   
   <url>http://www.youtube.com/watch?v=cxqsde-6V-c</url>
   <height>360</height>   
   <width>640</width>   
   <frames>1179</frames>
   <persons>1</persons>   
   <duration>40s</duration>
   <conversation>no</conversation>
   <behaviours count="1" id="b_Set_01">     
      <behaviour id="b_01">         
         <time>0001:0020</time>         
         <bodypart>body</bodypart>         
         <category>spinning</category>         
         <intensity>high</intensity>         
         <modality>video</modality>     
      </behaviour>   
   </behaviours>
</video>