<?xml version="1.0" encoding="utf-8"?>
<video id="v_Spinning_10" keyword="Autistic Son (Aspergers) Spinning at the store">   
   <url>http://www.youtube.com/watch?v=uWgI1w2fQhs</url>
   <height>360</height>   
   <width>480</width>   
   <frames>1270</frames>   
   <persons>3</persons>   
   <duration>43s</duration>
   <conversation>yes</conversation>
   <behaviours count="1" id="b_Set_01">     
      <behaviour id="b_01">         
         <time>0003-0028</time>         
         <bodypart>body</bodypart>         
         <category>spinning</category>         
         <intensity>high</intensity>         
         <modality>video</modality>      
      </behaviour>   
   </behaviours>
</video>