<?xml version="1.0" encoding="utf-8"?>
<video id="v_Spinning_07" keyword="Autism toddler spinning">   
   <url>http://www.youtube.com/watch?v=2AS14wxMB-A</url>
   <height>360</height>   
   <width>202</width>   
   <frames>682</frames>
   <persons>1</persons>   
   <duration>30s</duration>
   <conversation>no</conversation>
   <behaviours count="1" id="b_Set_01">      
      <behaviour id="b_01">         
         <time>0006-0018</time>         
         <bodypart>body</bodypart>         
         <category>spinning</category>         
         <intensity>high</intensity>         
         <modality>video</modality>      
      </behaviour>   
   </behaviours>   
</video>