<?xml version="1.0" encoding="utf-8"?>
<video id="v_Spinning_13" keyword="Child with Autism (Asperger's) Spinning on Gym Spin">   
   <url>http://www.youtube.com/watch?v=5BVFjqo0FUY</url>
   <height>360</height>  
   <width>480</width>  
   <frames>6185</frames>
   <persons>1</persons>
   <duration>207s</duration>
   <conversation>yes</conversation>
   <behaviours count="4" id="b_Set_01">      
      <behaviour id="b_01">         
         <time>0001-0024</time>         
         <bodypart>body</bodypart>         
         <category>spinning</category>         
         <intensity>high</intensity>         
         <modality>video</modality>      
      </behaviour>
	  <behaviour id="b_02">         
         <time>0036-0157</time>         
         <bodypart>body</bodypart>         
         <category>spinning</category>         
         <intensity>high</intensity>         
         <modality>video</modality>      
      </behaviour>
	  <behaviour id="b_03">         
         <time>0205-0245</time>         
         <bodypart>body</bodypart>         
         <category>spinning</category>         
         <intensity>high</intensity>         
         <modality>video</modality>      
      </behaviour>
	  <behaviour id="b_04">         
         <time>0300-0319</time>         
         <bodypart>body</bodypart>         
         <category>spinning</category>         
         <intensity>high</intensity>         
         <modality>video</modality>      
      </behaviour>
   </behaviours> 
</video>